ticker,asset_type,size_metric_name,size_metric,price,ttm_dividends,dividend_yield,beta_1y,realized_vol_1y,total_return_3y,max_drawdown_3y,selected_expiration,selected_dte,selected_strike,selected_call_bid,selected_call_ask,selected_call_mid,selected_call_open_interest,selected_call_volume,expiration_total_call_open_interest,selected_call_otm_pct,selected_call_spread_pct,selected_call_yield,annualized_call_yield,metrics_signature,as_of_date,error,status,fail_reasons,score_total,score_dividend,score_call,score_liquidity,score_quality,score_risk_fit,combined_income_score_proxy
HYG,ETF,marketCap,15716459520.0,80.41499999999999,4.66677,0.058033575825405706,0.2386847463114307,0.044907238692288985,0.07262047790682158,0.05736684917869583,2026-05-15,28.0,82.0,,,0.01,100183.0,0.0,403325.0,0.019710253062239724,,0.00012435490891002924,0.001621055062577167,"{""benchmark"":""SPY"",""history_period"":""4y"",""market_data_source"":""ibkr"",""max_otm_pct"":0.15,""min_otm_pct"":0.05,""option_dte_max"":56,""option_dte_min"":25,""option_monthly_only"":true,""option_target_dte"":35,""preferred_otm_pct"":0.08}",2026-04-17,,FAIL,annualized_call_yield<0.03;selected_call_spread_pct_missing;realized_vol_1y<0.08,0.489702,0.72542,0.0,0.7,0.57262,0.824536,0.059654630887982875
JEPI,ETF,totalAssets,43964334080.0,57.71,4.77478,0.08273748050597816,0.5455595542230671,0.09171463427023209,0.05341137735503931,0.15929639980272892,2026-05-15,,,,,,,,,,,,,"{""benchmark"":""SPY"",""history_period"":""4y"",""market_data_source"":""ibkr"",""max_otm_pct"":0.15,""min_otm_pct"":0.05,""option_dte_max"":56,""option_dte_min"":25,""option_monthly_only"":true,""option_target_dte"":35,""preferred_otm_pct"":0.08}",2026-04-17,,FAIL,annualized_call_yield_missing;selected_call_spread_pct_missing;option_liquidity_missing,0.433012,1.0,0.0,0.0,0.553411,1.0,
SPY,ETF,marketCap,643970891776.0,702.21,7.3826,0.010513379188561826,1.0,0.13300998261310093,0.7195441735081485,0.18998906889856904,2026-05-15,28.0,750.0,,,0.32,6331.0,0.0,31407.0,0.06805656427564388,,0.00045570413409094145,0.0059404288908283445,"{""benchmark"":""SPY"",""history_period"":""4y"",""market_data_source"":""ibkr"",""max_otm_pct"":0.15,""min_otm_pct"":0.05,""option_dte_max"":56,""option_dte_min"":25,""option_monthly_only"":true,""option_target_dte"":35,""preferred_otm_pct"":0.08}",2026-04-17,,FAIL,annualized_call_yield<0.03;selected_call_spread_pct_missing,0.422854,0.131417,0.0,0.7,1.0,1.0,0.01645380807939017
QQQ,ETF,marketCap,251768750080.0,640.0550000000001,2.81196,0.004393309949926177,1.2298885716437713,0.17058746373311282,1.0459685663174034,0.22883303677342826,2026-05-15,28.0,690.0,,,0.89,4914.0,0.0,37422.0,0.07803235659435503,,0.0013905055034332985,0.018126232455469786,"{""benchmark"":""SPY"",""history_period"":""4y"",""market_data_source"":""ibkr"",""max_otm_pct"":0.15,""min_otm_pct"":0.05,""option_dte_max"":56,""option_dte_min"":25,""option_monthly_only"":true,""option_target_dte"":35,""preferred_otm_pct"":0.08}",2026-04-17,,FAIL,annualized_call_yield<0.03;selected_call_spread_pct_missing,0.401297,0.054916,0.0,0.687838,1.0,1.0,0.022519542405395963
SRLN,ETF,totalAssets,4698329600.0,40.37,3.07907,0.07627124102055984,0.1514295838710152,0.03716737207832341,-0.024667472793228562,0.06291547958214627,2026-05-15,,,,,,,,,,,,,"{""benchmark"":""SPY"",""history_period"":""4y"",""market_data_source"":""ibkr"",""max_otm_pct"":0.15,""min_otm_pct"":0.05,""option_dte_max"":56,""option_dte_min"":25,""option_monthly_only"":true,""option_target_dte"":35,""preferred_otm_pct"":0.08}",2026-04-17,,FAIL,annualized_call_yield_missing;selected_call_spread_pct_missing;realized_vol_1y<0.08;option_liquidity_missing,0.388231,0.953391,0.0,0.0,0.475333,0.785837,
USHY,ETF,totalAssets,23919251456.0,37.235,2.55194,0.06853605478716263,0.23451681843805006,0.045195389838627746,0.055381993751774994,0.06316348195329091,2026-05-15,,,,,,,,,,,,,"{""benchmark"":""SPY"",""history_period"":""4y"",""market_data_source"":""ibkr"",""max_otm_pct"":0.15,""min_otm_pct"":0.05,""option_dte_max"":56,""option_dte_min"":25,""option_monthly_only"":true,""option_target_dte"":35,""preferred_otm_pct"":0.08}",2026-04-17,,FAIL,annualized_call_yield_missing;selected_call_spread_pct_missing;realized_vol_1y<0.08;option_liquidity_missing,0.38008,0.856701,0.0,0.0,0.555382,0.825977,
EWJ,ETF,marketCap,20372068352.0,88.51,3.49552,0.039492938650999884,0.9300413310771753,0.20014601592123063,0.5396934733941794,0.15988491574188235,2026-05-15,,,,,,,,,,,,,"{""benchmark"":""SPY"",""history_period"":""4y"",""market_data_source"":""ibkr"",""max_otm_pct"":0.15,""min_otm_pct"":0.05,""option_dte_max"":56,""option_dte_min"":25,""option_monthly_only"":true,""option_target_dte"":35,""preferred_otm_pct"":0.08}",2026-04-17,,FAIL,annualized_call_yield_missing;selected_call_spread_pct_missing;option_liquidity_missing,0.373415,0.493662,0.0,0.0,1.0,1.0,
JNK,ETF,marketCap,8633746432.0,96.805,6.37183,0.06582129022261246,0.24904289716077094,0.046182871886080515,0.05222500272005215,0.06708252377543722,2026-05-15,,,,,,,,,,,,,"{""benchmark"":""SPY"",""history_period"":""4y"",""market_data_source"":""ibkr"",""max_otm_pct"":0.15,""min_otm_pct"":0.05,""option_dte_max"":56,""option_dte_min"":25,""option_monthly_only"":true,""option_target_dte"":35,""preferred_otm_pct"":0.08}",2026-04-17,,FAIL,annualized_call_yield_missing;selected_call_spread_pct_missing;realized_vol_1y<0.08;option_liquidity_missing,0.371617,0.822766,0.0,0.0,0.552225,0.830914,
KWEB,ETF,totalAssets,6039135744.0,29.89,2.09623,0.07013148210103713,1.131139792607031,0.268887686128699,0.0524475524475525,0.3530507685142058,2026-05-15,,,,,,,,,,,,,"{""benchmark"":""SPY"",""history_period"":""4y"",""market_data_source"":""ibkr"",""max_otm_pct"":0.15,""min_otm_pct"":0.05,""option_dte_max"":56,""option_dte_min"":25,""option_monthly_only"":true,""option_target_dte"":35,""preferred_otm_pct"":0.08}",2026-04-17,,FAIL,annualized_call_yield_missing;selected_call_spread_pct_missing;option_liquidity_missing,0.371113,0.876644,0.0,0.0,0.346346,1.0,
EFV,ETF,totalAssets,28638212096.0,77.92500000000001,2.97203,0.038139621430863004,0.632824213079953,0.1399704340037855,0.5726082578046325,0.13716449860036228,2026-05-15,,,,,,,,,,,,,"{""benchmark"":""SPY"",""history_period"":""4y"",""market_data_source"":""ibkr"",""max_otm_pct"":0.15,""min_otm_pct"":0.05,""option_dte_max"":56,""option_dte_min"":25,""option_monthly_only"":true,""option_target_dte"":35,""preferred_otm_pct"":0.08}",2026-04-17,,FAIL,annualized_call_yield_missing;selected_call_spread_pct_missing;option_liquidity_missing,0.369186,0.476745,0.0,0.0,1.0,1.0,
BKLN,ETF,totalAssets,6260340224.0,20.575,1.43985,0.06998055893074119,0.13608119417257242,0.03490957655326531,-0.018624641833810962,0.05406676069581562,2026-05-15,,,,,,,,,,,,,"{""benchmark"":""SPY"",""history_period"":""4y"",""market_data_source"":""ibkr"",""max_otm_pct"":0.15,""min_otm_pct"":0.05,""option_dte_max"":56,""option_dte_min"":25,""option_monthly_only"":true,""option_target_dte"":35,""preferred_otm_pct"":0.08}",2026-04-17,,FAIL,annualized_call_yield_missing;selected_call_spread_pct_missing;realized_vol_1y<0.08;option_liquidity_missing,0.36835,0.874757,0.0,0.0,0.481375,0.774548,
EWT,ETF,marketCap,6914749952.0,81.53,2.81615,0.034541273150987366,1.245150057749216,0.24324850745630028,0.8073761386358587,0.28006329113924044,2026-05-15,,,,,,,,,,,,,"{""benchmark"":""SPY"",""history_period"":""4y"",""market_data_source"":""ibkr"",""max_otm_pct"":0.15,""min_otm_pct"":0.05,""option_dte_max"":56,""option_dte_min"":25,""option_monthly_only"":true,""option_target_dte"":35,""preferred_otm_pct"":0.08}",2026-04-17,,FAIL,annualized_call_yield_missing;selected_call_spread_pct_missing;option_liquidity_missing,0.348922,0.431766,0.0,0.0,0.939873,1.0,
SCHF,ETF,totalAssets,56551763968.0,26.4,0.8216,0.031121212121212122,0.8107414682802938,0.14940415265212542,0.4994343891402715,0.14533205004812322,2026-05-15,,,,,,,,,,,,,"{""benchmark"":""SPY"",""history_period"":""4y"",""market_data_source"":""ibkr"",""max_otm_pct"":0.15,""min_otm_pct"":0.05,""option_dte_max"":56,""option_dte_min"":25,""option_monthly_only"":true,""option_target_dte"":35,""preferred_otm_pct"":0.08}",2026-04-17,,FAIL,annualized_call_yield_missing;selected_call_spread_pct_missing;option_liquidity_missing,0.347169,0.389015,0.0,0.0,0.999434,1.0,
XLE,ETF,marketCap,10547870720.0,56.49,2.22518,0.039390688617454414,0.1649106110383614,0.19947212771131587,0.3076034203836375,0.2206362153344209,2026-05-15,,,,,,,,,,,,,"{""benchmark"":""SPY"",""history_period"":""4y"",""market_data_source"":""ibkr"",""max_otm_pct"":0.15,""min_otm_pct"":0.05,""option_dte_max"":56,""option_dte_min"":25,""option_monthly_only"":true,""option_target_dte"":35,""preferred_otm_pct"":0.08}",2026-04-17,,FAIL,annualized_call_yield_missing;selected_call_spread_pct_missing;option_liquidity_missing,0.344236,0.492384,0.0,0.0,0.807603,1.0,
SPDW,ETF,totalAssets,35649814528.0,48.6,1.46578,0.03016008230452675,0.7907511687544361,0.14666029823072702,0.49984648449493396,0.13962065331928353,2026-05-15,,,,,,,,,,,,,"{""benchmark"":""SPY"",""history_period"":""4y"",""market_data_source"":""ibkr"",""max_otm_pct"":0.15,""min_otm_pct"":0.05,""option_dte_max"":56,""option_dte_min"":25,""option_monthly_only"":true,""option_target_dte"":35,""preferred_otm_pct"":0.08}",2026-04-17,,FAIL,annualized_call_yield_missing;selected_call_spread_pct_missing;option_liquidity_missing,0.344227,0.377001,0.0,0.0,0.999846,1.0,
XLU,ETF,marketCap,7567749632.0,46.459999999999994,1.75238,0.03771803702109342,0.30442206162367164,0.1404386527602816,0.33074935400516803,0.1969134038296656,2026-05-15,,,,,,,,,,,,,"{""benchmark"":""SPY"",""history_period"":""4y"",""market_data_source"":""ibkr"",""max_otm_pct"":0.15,""min_otm_pct"":0.05,""option_dte_max"":56,""option_dte_min"":25,""option_monthly_only"":true,""option_target_dte"":35,""preferred_otm_pct"":0.08}",2026-04-17,,FAIL,annualized_call_yield_missing;selected_call_spread_pct_missing;option_liquidity_missing,0.342481,0.471475,0.0,0.0,0.830749,1.0,
IEFA,ETF,totalAssets,169633218560.0,96.09,3.17709,0.0330636902903528,0.7774581894887501,0.14534530150128894,0.4185840707964603,0.13855727711455423,2026-05-15,,,,,,,,,,,,,"{""benchmark"":""SPY"",""history_period"":""4y"",""market_data_source"":""ibkr"",""max_otm_pct"":0.15,""min_otm_pct"":0.05,""option_dte_max"":56,""option_dte_min"":25,""option_monthly_only"":true,""option_target_dte"":35,""preferred_otm_pct"":0.08}",2026-04-17,,FAIL,annualized_call_yield_missing;selected_call_spread_pct_missing;option_liquidity_missing,0.341112,0.413296,0.0,0.0,0.918584,1.0,
VCLT,ETF,totalAssets,8196291584.0,75.195,4.1984,0.05583349956779042,0.2527037995004481,0.08747817004107897,-0.056615616369570576,0.1553058676654182,2026-05-15,,,,,,,,,,,,,"{""benchmark"":""SPY"",""history_period"":""4y"",""market_data_source"":""ibkr"",""max_otm_pct"":0.15,""min_otm_pct"":0.05,""option_dte_max"":56,""option_dte_min"":25,""option_monthly_only"":true,""option_target_dte"":35,""preferred_otm_pct"":0.08}",2026-04-17,,FAIL,annualized_call_yield_missing;selected_call_spread_pct_missing;option_liquidity_missing,0.340987,0.697919,0.0,0.0,0.443384,1.0,
EMB,ETF,totalAssets,14120442880.0,95.92,4.83866,0.05044474562135112,0.27680883093055514,0.05977878208314317,0.11595719934868565,0.09089872262773735,2026-05-15,,,,,,,,,,,,,"{""benchmark"":""SPY"",""history_period"":""4y"",""market_data_source"":""ibkr"",""max_otm_pct"":0.15,""min_otm_pct"":0.05,""option_dte_max"":56,""option_dte_min"":25,""option_monthly_only"":true,""option_target_dte"":35,""preferred_otm_pct"":0.08}",2026-04-17,,FAIL,annualized_call_yield_missing;selected_call_spread_pct_missing;realized_vol_1y<0.08;option_liquidity_missing,0.339923,0.630559,0.0,0.0,0.615957,0.898894,
IXUS,ETF,totalAssets,51986108416.0,92.85,2.74089,0.029519547657512118,0.8142524107436997,0.1455623316837246,0.48362881328861196,0.14969325153374236,2026-05-15,,,,,,,,,,,,,"{""benchmark"":""SPY"",""history_period"":""4y"",""market_data_source"":""ibkr"",""max_otm_pct"":0.15,""min_otm_pct"":0.05,""option_dte_max"":56,""option_dte_min"":25,""option_monthly_only"":true,""option_target_dte"":35,""preferred_otm_pct"":0.08}",2026-04-17,,FAIL,annualized_call_yield_missing;selected_call_spread_pct_missing;option_liquidity_missing,0.339793,0.368994,0.0,0.0,0.983629,1.0,
EFA,ETF,marketCap,96664584192.0,102.875,3.24732,0.031565686512758206,0.7831186792446965,0.14583689063141445,0.419065987050558,0.14053480975379906,2026-05-15,,,,,,,,,,,,,"{""benchmark"":""SPY"",""history_period"":""4y"",""market_data_source"":""ibkr"",""max_otm_pct"":0.15,""min_otm_pct"":0.05,""option_dte_max"":56,""option_dte_min"":25,""option_monthly_only"":true,""option_target_dte"":35,""preferred_otm_pct"":0.08}",2026-04-17,,FAIL,annualized_call_yield_missing;selected_call_spread_pct_missing;option_liquidity_missing,0.336503,0.394571,0.0,0.0,0.919066,1.0,
VEA,ETF,totalAssets,282201522176.0,68.515,1.8762,0.027383784572721302,0.8038179577203187,0.14770078735415582,0.49749072659829796,0.1436878634402552,2026-05-15,,,,,,,,,,,,,"{""benchmark"":""SPY"",""history_period"":""4y"",""market_data_source"":""ibkr"",""max_otm_pct"":0.15,""min_otm_pct"":0.05,""option_dte_max"":56,""option_dte_min"":25,""option_monthly_only"":true,""option_target_dte"":35,""preferred_otm_pct"":0.08}",2026-04-17,,FAIL,annualized_call_yield_missing;selected_call_spread_pct_missing;option_liquidity_missing,0.335198,0.342297,0.0,0.0,0.997491,1.0,
VEU,ETF,marketCap,37248593920.0,80.24,2.1931,0.02733175473579262,0.8118930937922187,0.1443446792647896,0.48927118017018123,0.14915999371957922,2026-05-15,,,,,,,,,,,,,"{""benchmark"":""SPY"",""history_period"":""4y"",""market_data_source"":""ibkr"",""max_otm_pct"":0.15,""min_otm_pct"":0.05,""option_dte_max"":56,""option_dte_min"":25,""option_monthly_only"":true,""option_target_dte"":35,""preferred_otm_pct"":0.08}",2026-04-17,,FAIL,annualized_call_yield_missing;selected_call_spread_pct_missing;option_liquidity_missing,0.333802,0.341647,0.0,0.0,0.989271,1.0,
VXUS,ETF,totalAssets,582269730816.0,82.86,2.2874,0.02760559980690321,0.8088447654093738,0.14385768807356786,0.4802938015048368,0.15037478965886497,2026-05-15,,,,,,,,,,,,,"{""benchmark"":""SPY"",""history_period"":""4y"",""market_data_source"":""ibkr"",""max_otm_pct"":0.15,""min_otm_pct"":0.05,""option_dte_max"":56,""option_dte_min"":25,""option_monthly_only"":true,""option_target_dte"":35,""preferred_otm_pct"":0.08}",2026-04-17,,FAIL,annualized_call_yield_missing;selected_call_spread_pct_missing;option_liquidity_missing,0.333312,0.34507,0.0,0.0,0.980294,1.0,
IEMG,ETF,marketCap,88197308416.0,76.495,1.8486,0.024166285378129287,0.9430689707692288,0.17883564021158485,0.5676007363469011,0.18961127143099632,2026-05-15,,,,,,,,,,,,,"{""benchmark"":""SPY"",""history_period"":""4y"",""market_data_source"":""ibkr"",""max_otm_pct"":0.15,""min_otm_pct"":0.05,""option_dte_max"":56,""option_dte_min"":25,""option_monthly_only"":true,""option_target_dte"":35,""preferred_otm_pct"":0.08}",2026-04-17,,FAIL,annualized_call_yield_missing;selected_call_spread_pct_missing;option_liquidity_missing,0.32552,0.302079,0.0,0.0,1.0,1.0,
EWZ,ETF,marketCap,8316808704.0,41.465,1.64816,0.03974822139153503,0.9258568173277418,0.24760597585652455,0.4110241578768288,0.3718452047111609,2026-05-15,,,,,,,,,,,,,"{""benchmark"":""SPY"",""history_period"":""4y"",""market_data_source"":""ibkr"",""max_otm_pct"":0.15,""min_otm_pct"":0.05,""option_dte_max"":56,""option_dte_min"":25,""option_monthly_only"":true,""option_target_dte"":35,""preferred_otm_pct"":0.08}",2026-04-17,,FAIL,annualized_call_yield_missing;selected_call_spread_pct_missing;option_liquidity_missing,0.324313,0.496853,0.0,0.0,0.667334,1.0,
VGK,ETF,marketCap,24742375424.0,87.845,2.4756,0.028181455973589845,0.7655054359683852,0.146180115449775,0.40786516853932575,0.14653061224489805,2026-05-15,,,,,,,,,,,,,"{""benchmark"":""SPY"",""history_period"":""4y"",""market_data_source"":""ibkr"",""max_otm_pct"":0.15,""min_otm_pct"":0.05,""option_dte_max"":56,""option_dte_min"":25,""option_monthly_only"":true,""option_target_dte"":35,""preferred_otm_pct"":0.08}",2026-04-17,,FAIL,annualized_call_yield_missing;selected_call_spread_pct_missing;option_liquidity_missing,0.324247,0.352268,0.0,0.0,0.907865,1.0,
EMXC,ETF,totalAssets,17542797312.0,87.78999999999999,2.04715,0.02331871511561681,0.9847429681736999,0.1946903189368921,0.7543439185140803,0.20495316716939205,2026-05-15,,,,,,,,,,,,,"{""benchmark"":""SPY"",""history_period"":""4y"",""market_data_source"":""ibkr"",""max_otm_pct"":0.15,""min_otm_pct"":0.05,""option_dte_max"":56,""option_dte_min"":25,""option_monthly_only"":true,""option_target_dte"":35,""preferred_otm_pct"":0.08}",2026-04-17,,FAIL,annualized_call_yield_missing;selected_call_spread_pct_missing;option_liquidity_missing,0.322871,0.291484,0.0,0.0,1.0,1.0,
SCHD,ETF,totalAssets,84820000768.0,30.93,1.0557,0.034131910766246366,0.4487278314527313,0.11835783544922052,0.2621876280213027,0.17643074839146633,2026-05-15,,,,,,,,,,,,,"{""benchmark"":""SPY"",""history_period"":""4y"",""market_data_source"":""ibkr"",""max_otm_pct"":0.15,""min_otm_pct"":0.05,""option_dte_max"":56,""option_dte_min"":25,""option_monthly_only"":true,""option_target_dte"":35,""preferred_otm_pct"":0.08}",2026-04-17,,FAIL,annualized_call_yield_missing;selected_call_spread_pct_missing;option_liquidity_missing,0.32099,0.426649,0.0,0.0,0.762188,1.0,
VWO,ETF,marketCap,82548760576.0,58.265,1.4505,0.0248948768557453,0.8246888447351213,0.15343605301504204,0.4411983164149542,0.19397858153162262,2026-05-15,,,,,,,,,,,,,"{""benchmark"":""SPY"",""history_period"":""4y"",""market_data_source"":""ibkr"",""max_otm_pct"":0.15,""min_otm_pct"":0.05,""option_dte_max"":56,""option_dte_min"":25,""option_monthly_only"":true,""option_target_dte"":35,""preferred_otm_pct"":0.08}",2026-04-17,,FAIL,annualized_call_yield_missing;selected_call_spread_pct_missing;option_liquidity_missing,0.318976,0.311186,0.0,0.0,0.941198,1.0,
VYM,ETF,totalAssets,88722817024.0,154.13,3.5125,0.02278920391876987,0.6921690798509179,0.11177680986944247,0.44454878392337327,0.1501554864504665,2026-05-15,,,,,,,,,,,,,"{""benchmark"":""SPY"",""history_period"":""4y"",""market_data_source"":""ibkr"",""max_otm_pct"":0.15,""min_otm_pct"":0.05,""option_dte_max"":56,""option_dte_min"":25,""option_monthly_only"":true,""option_target_dte"":35,""preferred_otm_pct"":0.08}",2026-04-17,,FAIL,annualized_call_yield_missing;selected_call_spread_pct_missing;option_liquidity_missing,0.312899,0.284865,0.0,0.0,0.944549,1.0,
VNQ,ETF,marketCap,35226423296.0,94.815,3.4856,0.03676211569899277,0.47795526384036663,0.1371913895726378,0.15038684719535778,0.19379609982823065,2026-05-15,,,,,,,,,,,,,"{""benchmark"":""SPY"",""history_period"":""4y"",""market_data_source"":""ibkr"",""max_otm_pct"":0.15,""min_otm_pct"":0.05,""option_dte_max"":56,""option_dte_min"":25,""option_monthly_only"":true,""option_target_dte"":35,""preferred_otm_pct"":0.08}",2026-04-17,,FAIL,annualized_call_yield_missing;selected_call_spread_pct_missing;option_liquidity_missing,0.31244,0.459526,0.0,0.0,0.650387,1.0,
EEM,ETF,marketCap,46987378688.0,62.45,1.21487,0.019453482786228982,0.9644712811676042,0.1827279933492411,0.5854277735465854,0.18665540540540537,2026-05-15,,,,,,,,,,,,,"{""benchmark"":""SPY"",""history_period"":""4y"",""market_data_source"":""ibkr"",""max_otm_pct"":0.15,""min_otm_pct"":0.05,""option_dte_max"":56,""option_dte_min"":25,""option_monthly_only"":true,""option_target_dte"":35,""preferred_otm_pct"":0.08}",2026-04-17,,FAIL,annualized_call_yield_missing;selected_call_spread_pct_missing;option_liquidity_missing,0.310792,0.243169,0.0,0.0,1.0,1.0,
VCIT,ETF,totalAssets,66028621824.0,83.155,3.927,0.04722506163189225,0.11343302243411638,0.044991099959812944,0.03498505976095623,0.08424317617865995,2026-05-15,,,,,,,,,,,,,"{""benchmark"":""SPY"",""history_period"":""4y"",""market_data_source"":""ibkr"",""max_otm_pct"":0.15,""min_otm_pct"":0.05,""option_dte_max"":56,""option_dte_min"":25,""option_monthly_only"":true,""option_target_dte"":35,""preferred_otm_pct"":0.08}",2026-04-17,,FAIL,annualized_call_yield_missing;selected_call_spread_pct_missing;realized_vol_1y<0.08;option_liquidity_missing,0.310322,0.590313,0.0,0.0,0.534985,0.824955,
KRE,ETF,totalAssets,3711147008.0,68.855,1.57351,0.022852516157141817,1.0531153788439587,0.23909671039717764,0.6195294117647059,0.2915820029027576,2026-05-15,,,,,,,,,,,,,"{""benchmark"":""SPY"",""history_period"":""4y"",""market_data_source"":""ibkr"",""max_otm_pct"":0.15,""min_otm_pct"":0.05,""option_dte_max"":56,""option_dte_min"":25,""option_monthly_only"":true,""option_target_dte"":35,""preferred_otm_pct"":0.08}",2026-04-17,,FAIL,annualized_call_yield_missing;selected_call_spread_pct_missing;option_liquidity_missing,0.30894,0.285656,0.0,0.0,0.916836,1.0,
JAAA,ETF,totalAssets,26672459776.0,50.62,2.59311,0.051226985381272225,0.028158643516004864,0.016519683597016416,0.021607431340872285,0.024490595611285304,2026-05-15,,,,,,,,,,,,,"{""benchmark"":""SPY"",""history_period"":""4y"",""market_data_source"":""ibkr"",""max_otm_pct"":0.15,""min_otm_pct"":0.05,""option_dte_max"":56,""option_dte_min"":25,""option_monthly_only"":true,""option_target_dte"":35,""preferred_otm_pct"":0.08}",2026-04-17,,FAIL,annualized_call_yield_missing;selected_call_spread_pct_missing;realized_vol_1y<0.08;option_liquidity_missing,0.306585,0.640337,0.0,0.0,0.521607,0.682598,
LQD,ETF,marketCap,32117704704.0,109.475,4.95435,0.0452555377940169,0.1644619921315916,0.05918322651397991,-0.0011865644395764319,0.10622044379774453,2026-05-15,,,,,,,,,,,,,"{""benchmark"":""SPY"",""history_period"":""4y"",""market_data_source"":""ibkr"",""max_otm_pct"":0.15,""min_otm_pct"":0.05,""option_dte_max"":56,""option_dte_min"":25,""option_monthly_only"":true,""option_target_dte"":35,""preferred_otm_pct"":0.08}",2026-04-17,,FAIL,annualized_call_yield_missing;selected_call_spread_pct_missing;realized_vol_1y<0.08;option_liquidity_missing,0.305837,0.565694,0.0,0.0,0.498813,0.895916,
VTV,ETF,marketCap,85944770560.0,203.68,3.9722,0.019502160251374703,0.649260689444576,0.11037662167828277,0.4492774359708114,0.1550558090944082,2026-05-15,,,,,,,,,,,,,"{""benchmark"":""SPY"",""history_period"":""4y"",""market_data_source"":""ibkr"",""max_otm_pct"":0.15,""min_otm_pct"":0.05,""option_dte_max"":56,""option_dte_min"":25,""option_monthly_only"":true,""option_target_dte"":35,""preferred_otm_pct"":0.08}",2026-04-17,,FAIL,annualized_call_yield_missing;selected_call_spread_pct_missing;option_liquidity_missing,0.303336,0.243777,0.0,0.0,0.949277,1.0,
VT,ETF,totalAssets,79217811456.0,148.96,2.5152,0.016885069817400643,0.9374265042665442,0.1303636455821175,0.6141245389455412,0.16786319270791328,2026-05-15,,,,,,,,,,,,,"{""benchmark"":""SPY"",""history_period"":""4y"",""market_data_source"":""ibkr"",""max_otm_pct"":0.15,""min_otm_pct"":0.05,""option_dte_max"":56,""option_dte_min"":25,""option_monthly_only"":true,""option_target_dte"":35,""preferred_otm_pct"":0.08}",2026-04-17,,FAIL,annualized_call_yield_missing;selected_call_spread_pct_missing;option_liquidity_missing,0.302766,0.211063,0.0,0.0,1.0,1.0,
TLT,ETF,marketCap,9464915968.0,86.25,3.91028,0.04533657971014493,0.11010742909654517,0.1059575143903628,-0.19281504350266632,0.2261593118922962,2026-05-15,,,,,,,,,,,,,"{""benchmark"":""SPY"",""history_period"":""4y"",""market_data_source"":""ibkr"",""max_otm_pct"":0.15,""min_otm_pct"":0.05,""option_dte_max"":56,""option_dte_min"":25,""option_monthly_only"":true,""option_target_dte"":35,""preferred_otm_pct"":0.08}",2026-04-17,,FAIL,annualized_call_yield_missing;selected_call_spread_pct_missing;total_return_3y<-0.1;option_liquidity_missing,0.301677,0.566707,0.0,0.0,0.4,1.0,
XLRE,ETF,totalAssets,7306239488.0,43.8,1.39926,0.031946575342465755,0.43228286255905757,0.13617623665892567,0.17264453961456105,0.18253968253968256,2026-05-15,,,,,,,,,,,,,"{""benchmark"":""SPY"",""history_period"":""4y"",""market_data_source"":""ibkr"",""max_otm_pct"":0.15,""min_otm_pct"":0.05,""option_dte_max"":56,""option_dte_min"":25,""option_monthly_only"":true,""option_target_dte"":35,""preferred_otm_pct"":0.08}",2026-04-17,,FAIL,annualized_call_yield_missing;selected_call_spread_pct_missing;option_liquidity_missing,0.30073,0.399332,0.0,0.0,0.672645,1.0,
XLF,ETF,marketCap,45965643776.0,52.185,0.792361,0.01518369263198237,0.8395997209491359,0.15294980586483112,0.6123334366284474,0.15845947499520974,2026-05-15,,,,,,,,,,,,,"{""benchmark"":""SPY"",""history_period"":""4y"",""market_data_source"":""ibkr"",""max_otm_pct"":0.15,""min_otm_pct"":0.05,""option_dte_max"":56,""option_dte_min"":25,""option_monthly_only"":true,""option_target_dte"":35,""preferred_otm_pct"":0.08}",2026-04-17,,FAIL,annualized_call_yield_missing;selected_call_spread_pct_missing;option_liquidity_missing,0.297449,0.189796,0.0,0.0,1.0,1.0,
XLB,ETF,marketCap,3722051328.0,51.675,1.30792,0.025310498306724723,0.7535253030659599,0.16710808897455345,0.2825278810408922,0.23945104465383038,2026-05-15,,,,,,,,,,,,,"{""benchmark"":""SPY"",""history_period"":""4y"",""market_data_source"":""ibkr"",""max_otm_pct"":0.15,""min_otm_pct"":0.05,""option_dte_max"":56,""option_dte_min"":25,""option_monthly_only"":true,""option_target_dte"":35,""preferred_otm_pct"":0.08}",2026-04-17,,FAIL,annualized_call_yield_missing;selected_call_spread_pct_missing;option_liquidity_missing,0.296474,0.316381,0.0,0.0,0.782528,1.0,
SPYV,ETF,marketCap,5229577728.0,58.855,1.03123,0.017521535978251637,0.7191009695326624,0.11049035539064095,0.44414303329223204,0.18382485977926544,2026-05-15,,,,,,,,,,,,,"{""benchmark"":""SPY"",""history_period"":""4y"",""market_data_source"":""ibkr"",""max_otm_pct"":0.15,""min_otm_pct"":0.05,""option_dte_max"":56,""option_dte_min"":25,""option_monthly_only"":true,""option_target_dte"":35,""preferred_otm_pct"":0.08}",2026-04-17,,FAIL,annualized_call_yield_missing;selected_call_spread_pct_missing;option_liquidity_missing,0.296376,0.219019,0.0,0.0,0.944143,1.0,
ACWI,ETF,totalAssets,28206403584.0,148.9,2.19645,0.01475117528542646,0.9447158193844775,0.13102656942952287,0.6299945265462508,0.1654716829130749,2026-05-15,,,,,,,,,,,,,"{""benchmark"":""SPY"",""history_period"":""4y"",""market_data_source"":""ibkr"",""max_otm_pct"":0.15,""min_otm_pct"":0.05,""option_dte_max"":56,""option_dte_min"":25,""option_monthly_only"":true,""option_target_dte"":35,""preferred_otm_pct"":0.08}",2026-04-17,,FAIL,annualized_call_yield_missing;selected_call_spread_pct_missing;option_liquidity_missing,0.296097,0.18439,0.0,0.0,1.0,1.0,
IWD,ETF,marketCap,68696678400.0,225.265,3.57855,0.015885956540075023,0.7480719576926554,0.11624698052192385,0.46808510638297873,0.16502327443816012,2026-05-15,,,,,,,,,,,,,"{""benchmark"":""SPY"",""history_period"":""4y"",""market_data_source"":""ibkr"",""max_otm_pct"":0.15,""min_otm_pct"":0.05,""option_dte_max"":56,""option_dte_min"":25,""option_monthly_only"":true,""option_target_dte"":35,""preferred_otm_pct"":0.08}",2026-04-17,,FAIL,annualized_call_yield_missing;selected_call_spread_pct_missing;option_liquidity_missing,0.294856,0.198574,0.0,0.0,0.968085,1.0,
SPIB,ETF,totalAssets,10728338432.0,33.629999999999995,1.4855,0.044171870353850735,0.06635511829074613,0.03191988814680161,0.03351783517835161,0.05358236374770353,2026-05-15,,,,,,,,,,,,,"{""benchmark"":""SPY"",""history_period"":""4y"",""market_data_source"":""ibkr"",""max_otm_pct"":0.15,""min_otm_pct"":0.05,""option_dte_max"":56,""option_dte_min"":25,""option_monthly_only"":true,""option_target_dte"":35,""preferred_otm_pct"":0.08}",2026-04-17,,FAIL,annualized_call_yield_missing;selected_call_spread_pct_missing;realized_vol_1y<0.08;option_liquidity_missing,0.294025,0.552148,0.0,0.0,0.533518,0.759599,
SCHH,ETF,totalAssets,9150117888.0,23.09,0.6512,0.028202685145084453,0.41146705011892354,0.13619737568974263,0.18969072164948453,0.19507012324691886,2026-05-15,,,,,,,,,,,,,"{""benchmark"":""SPY"",""history_period"":""4y"",""market_data_source"":""ibkr"",""max_otm_pct"":0.15,""min_otm_pct"":0.05,""option_dte_max"":56,""option_dte_min"":25,""option_monthly_only"":true,""option_target_dte"":35,""preferred_otm_pct"":0.08}",2026-04-17,,FAIL,annualized_call_yield_missing;selected_call_spread_pct_missing;option_liquidity_missing,0.291587,0.352534,0.0,0.0,0.689691,1.0,
MBB,ETF,totalAssets,38758678528.0,95.27,4.00763,0.042066022882334415,0.07240373222148029,0.04923663435506644,0.0013666947014296937,0.09947534102833167,2026-05-15,,,,,,,,,,,,,"{""benchmark"":""SPY"",""history_period"":""4y"",""market_data_source"":""ibkr"",""max_otm_pct"":0.15,""min_otm_pct"":0.05,""option_dte_max"":56,""option_dte_min"":25,""option_monthly_only"":true,""option_target_dte"":35,""preferred_otm_pct"":0.08}",2026-04-17,,FAIL,annualized_call_yield_missing;selected_call_spread_pct_missing;realized_vol_1y<0.08;option_liquidity_missing,0.29128,0.525825,0.0,0.0,0.501367,0.846183,
VIG,ETF,totalAssets,117045436416.0,225.615,3.4537,0.015307936085809897,0.7570150722801332,0.1126308887738404,0.454310289077152,0.15358378404716655,2026-05-15,,,,,,,,,,,,,"{""benchmark"":""SPY"",""history_period"":""4y"",""market_data_source"":""ibkr"",""max_otm_pct"":0.15,""min_otm_pct"":0.05,""option_dte_max"":56,""option_dte_min"":25,""option_monthly_only"":true,""option_target_dte"":35,""preferred_otm_pct"":0.08}",2026-04-17,,FAIL,annualized_call_yield_missing;selected_call_spread_pct_missing;option_liquidity_missing,0.290984,0.191349,0.0,0.0,0.95431,1.0,
XLI,ETF,marketCap,23271505920.0,171.005,2.04631,0.011966375252185609,0.9201536751956717,0.15323167656578782,0.7104840329383413,0.19147162997430378,2026-05-15,,,,,,,,,,,,,"{""benchmark"":""SPY"",""history_period"":""4y"",""market_data_source"":""ibkr"",""max_otm_pct"":0.15,""min_otm_pct"":0.05,""option_dte_max"":56,""option_dte_min"":25,""option_monthly_only"":true,""option_target_dte"":35,""preferred_otm_pct"":0.08}",2026-04-17,,FAIL,annualized_call_yield_missing;selected_call_spread_pct_missing;option_liquidity_missing,0.287395,0.14958,0.0,0.0,1.0,1.0,
XLC,ETF,totalAssets,24108154880.0,118.235,1.39632,0.011809701019156764,0.790392264898621,0.13956665692658235,1.0473811164713989,0.18212895261608586,2026-05-15,,,,,,,,,,,,,"{""benchmark"":""SPY"",""history_period"":""4y"",""market_data_source"":""ibkr"",""max_otm_pct"":0.15,""min_otm_pct"":0.05,""option_dte_max"":56,""option_dte_min"":25,""option_monthly_only"":true,""option_target_dte"":35,""preferred_otm_pct"":0.08}",2026-04-17,,FAIL,annualized_call_yield_missing;selected_call_spread_pct_missing;option_liquidity_missing,0.286905,0.147621,0.0,0.0,1.0,1.0,
DIA,ETF,marketCap,39453986816.0,486.775,7.04227,0.01446719737044836,0.8703054266389973,0.1314954631822986,0.44270817860431944,0.1651217456867875,2026-05-15,,,,,,,,,,,,,"{""benchmark"":""SPY"",""history_period"":""4y"",""market_data_source"":""ibkr"",""max_otm_pct"":0.15,""min_otm_pct"":0.05,""option_dte_max"":56,""option_dte_min"":25,""option_monthly_only"":true,""option_target_dte"":35,""preferred_otm_pct"":0.08}",2026-04-17,,FAIL,annualized_call_yield_missing;selected_call_spread_pct_missing;option_liquidity_missing,0.286616,0.18084,0.0,0.0,0.942708,1.0,
VO,ETF,marketCap,46616862720.0,303.71000000000004,4.3302,0.014257680023706823,0.8680715818104571,0.13299032462281443,0.446950869814567,0.1970628535291431,2026-05-15,,,,,,,,,,,,,"{""benchmark"":""SPY"",""history_period"":""4y"",""market_data_source"":""ibkr"",""max_otm_pct"":0.15,""min_otm_pct"":0.05,""option_dte_max"":56,""option_dte_min"":25,""option_monthly_only"":true,""option_target_dte"":35,""preferred_otm_pct"":0.08}",2026-04-17,,FAIL,annualized_call_yield_missing;selected_call_spread_pct_missing;option_liquidity_missing,0.286598,0.178221,0.0,0.0,0.946951,1.0,
IVV,ETF,marketCap,438031155200.0,705.4549999999999,8.05882,0.011423577690993758,0.9913309556005493,0.13214441636891044,0.719171565877101,0.19006251522286277,2026-05-15,,,,,,,,,,,,,"{""benchmark"":""SPY"",""history_period"":""4y"",""market_data_source"":""ibkr"",""max_otm_pct"":0.15,""min_otm_pct"":0.05,""option_dte_max"":56,""option_dte_min"":25,""option_monthly_only"":true,""option_target_dte"":35,""preferred_otm_pct"":0.08}",2026-04-17,,FAIL,annualized_call_yield_missing;selected_call_spread_pct_missing;option_liquidity_missing,0.285699,0.142795,0.0,0.0,1.0,1.0,
VOO,ETF,totalAssets,1421127057408.0,645.56,7.1281,0.01104173121011215,0.9952782614222306,0.13264069744069829,0.7200394761409403,0.18970319513190337,2026-05-15,,,,,,,,,,,,,"{""benchmark"":""SPY"",""history_period"":""4y"",""market_data_source"":""ibkr"",""max_otm_pct"":0.15,""min_otm_pct"":0.05,""option_dte_max"":56,""option_dte_min"":25,""option_monthly_only"":true,""option_target_dte"":35,""preferred_otm_pct"":0.08}",2026-04-17,,FAIL,annualized_call_yield_missing;selected_call_spread_pct_missing;option_liquidity_missing,0.284505,0.138022,0.0,0.0,1.0,1.0,
VTI,ETF,marketCap,717569327104.0,346.38,3.7694,0.010882268029331947,1.0151896514030816,0.1356895841075597,0.704497315403182,0.1958630245447348,2026-05-15,,,,,,,,,,,,,"{""benchmark"":""SPY"",""history_period"":""4y"",""market_data_source"":""ibkr"",""max_otm_pct"":0.15,""min_otm_pct"":0.05,""option_dte_max"":56,""option_dte_min"":25,""option_monthly_only"":true,""option_target_dte"":35,""preferred_otm_pct"":0.08}",2026-04-17,,FAIL,annualized_call_yield_missing;selected_call_spread_pct_missing;option_liquidity_missing,0.284007,0.136028,0.0,0.0,1.0,1.0,
SCHX,ETF,totalAssets,61436944384.0,27.63,0.2991,0.010825190010857763,1.0035057805568086,0.13405476820717183,0.7227414330218067,0.19275123558484342,2026-05-15,,,,,,,,,,,,,"{""benchmark"":""SPY"",""history_period"":""4y"",""market_data_source"":""ibkr"",""max_otm_pct"":0.15,""min_otm_pct"":0.05,""option_dte_max"":56,""option_dte_min"":25,""option_monthly_only"":true,""option_target_dte"":35,""preferred_otm_pct"":0.08}",2026-04-17,,FAIL,annualized_call_yield_missing;selected_call_spread_pct_missing;option_liquidity_missing,0.283829,0.135315,0.0,0.0,1.0,1.0,
FXI,ETF,marketCap,4819423232.0,37.04,0.924824,0.024968250539956802,0.8247930217608317,0.20131832970217275,0.31045406546990484,0.3050624589086127,2026-05-15,,,,,,,,,,,,,"{""benchmark"":""SPY"",""history_period"":""4y"",""market_data_source"":""ibkr"",""max_otm_pct"":0.15,""min_otm_pct"":0.05,""option_dte_max"":56,""option_dte_min"":25,""option_monthly_only"":true,""option_target_dte"":35,""preferred_otm_pct"":0.08}",2026-04-17,,FAIL,annualized_call_yield_missing;selected_call_spread_pct_missing;option_liquidity_missing,0.283075,0.312103,0.0,0.0,0.700329,1.0,
ITOT,ETF,marketCap,48941449216.0,153.325,1.61282,0.010518962987118866,1.015694344167914,0.13572376273832468,0.7063659593378513,0.1967310549777117,2026-05-15,,,,,,,,,,,,,"{""benchmark"":""SPY"",""history_period"":""4y"",""market_data_source"":""ibkr"",""max_otm_pct"":0.15,""min_otm_pct"":0.05,""option_dte_max"":56,""option_dte_min"":25,""option_monthly_only"":true,""option_target_dte"":35,""preferred_otm_pct"":0.08}",2026-04-17,,FAIL,annualized_call_yield_missing;selected_call_spread_pct_missing;option_liquidity_missing,0.282872,0.131487,0.0,0.0,1.0,1.0,
RSP,ETF,marketCap,31210151936.0,201.285,3.11694,0.01548520754154557,0.7945189362316798,0.12694884991671973,0.3914008321775313,0.18489500053299224,2026-05-15,,,,,,,,,,,,,"{""benchmark"":""SPY"",""history_period"":""4y"",""market_data_source"":""ibkr"",""max_otm_pct"":0.15,""min_otm_pct"":0.05,""option_dte_max"":56,""option_dte_min"":25,""option_monthly_only"":true,""option_target_dte"":35,""preferred_otm_pct"":0.08}",2026-04-17,,FAIL,annualized_call_yield_missing;selected_call_spread_pct_missing;option_liquidity_missing,0.282101,0.193565,0.0,0.0,0.891401,1.0,
XLY,ETF,marketCap,14145359872.0,117.395,1.32897,0.011320499169470592,1.2339970343497784,0.19440294265817737,0.6389856485996934,0.26353157367190105,2026-05-15,,,,,,,,,,,,,"{""benchmark"":""SPY"",""history_period"":""4y"",""market_data_source"":""ibkr"",""max_otm_pct"":0.15,""min_otm_pct"":0.05,""option_dte_max"":56,""option_dte_min"":25,""option_monthly_only"":true,""option_target_dte"":35,""preferred_otm_pct"":0.08}",2026-04-17,,FAIL,annualized_call_yield_missing;selected_call_spread_pct_missing;option_liquidity_missing,0.281317,0.141506,0.0,0.0,0.972937,1.0,
IWB,ETF,marketCap,48126058496.0,384.59000000000003,3.76522,0.009790218154398189,0.9978217454692637,0.13315656853681102,0.7142092348873521,0.1931030396397464,2026-05-15,,,,,,,,,,,,,"{""benchmark"":""SPY"",""history_period"":""4y"",""market_data_source"":""ibkr"",""max_otm_pct"":0.15,""min_otm_pct"":0.05,""option_dte_max"":56,""option_dte_min"":25,""option_monthly_only"":true,""option_target_dte"":35,""preferred_otm_pct"":0.08}",2026-04-17,,FAIL,annualized_call_yield_missing;selected_call_spread_pct_missing;option_liquidity_missing,0.280594,0.122378,0.0,0.0,1.0,1.0,
IJH,ETF,marketCap,18401525760.0,71.625,0.888652,0.01240700872600349,1.0311866576384274,0.16458428110047907,0.44365912762520177,0.24620598202445865,2026-05-15,,,,,,,,,,,,,"{""benchmark"":""SPY"",""history_period"":""4y"",""market_data_source"":""ibkr"",""max_otm_pct"":0.15,""min_otm_pct"":0.05,""option_dte_max"":56,""option_dte_min"":25,""option_monthly_only"":true,""option_target_dte"":35,""preferred_otm_pct"":0.08}",2026-04-17,,FAIL,annualized_call_yield_missing;selected_call_spread_pct_missing;option_liquidity_missing,0.280321,0.155088,0.0,0.0,0.943659,1.0,
AGG,ETF,marketCap,56962248704.0,99.515,3.91108,0.03930141184746018,0.06616082308494413,0.04245864559002292,-0.004503152206544625,0.08494709522858856,2026-05-15,,,,,,,,,,,,,"{""benchmark"":""SPY"",""history_period"":""4y"",""market_data_source"":""ibkr"",""max_otm_pct"":0.15,""min_otm_pct"":0.05,""option_dte_max"":56,""option_dte_min"":25,""option_monthly_only"":true,""option_target_dte"":35,""preferred_otm_pct"":0.08}",2026-04-17,,FAIL,annualized_call_yield_missing;selected_call_spread_pct_missing;realized_vol_1y<0.08;option_liquidity_missing,0.278371,0.491268,0.0,0.0,0.495497,0.812293,
OEF,ETF,marketCap,13477619712.0,345.83,3.12701,0.009042043778735217,1.0428980540563448,0.14171790207121188,0.8561607046943815,0.1996670551023806,2026-05-15,,,,,,,,,,,,,"{""benchmark"":""SPY"",""history_period"":""4y"",""market_data_source"":""ibkr"",""max_otm_pct"":0.15,""min_otm_pct"":0.05,""option_dte_max"":56,""option_dte_min"":25,""option_monthly_only"":true,""option_target_dte"":35,""preferred_otm_pct"":0.08}",2026-04-17,,FAIL,annualized_call_yield_missing;selected_call_spread_pct_missing;option_liquidity_missing,0.278256,0.113026,0.0,0.0,1.0,1.0,
VTWO,ETF,totalAssets,14520372224.0,109.22999999999999,1.2575,0.01151240501693674,1.2289370150889325,0.1956328858241286,0.5355483598479513,0.2804405466041199,2026-05-15,,,,,,,,,,,,,"{""benchmark"":""SPY"",""history_period"":""4y"",""market_data_source"":""ibkr"",""max_otm_pct"":0.15,""min_otm_pct"":0.05,""option_dte_max"":56,""option_dte_min"":25,""option_monthly_only"":true,""option_target_dte"":35,""preferred_otm_pct"":0.08}",2026-04-17,,FAIL,annualized_call_yield_missing;selected_call_spread_pct_missing;option_liquidity_missing,0.276844,0.143905,0.0,0.0,0.939119,1.0,
SPMO,ETF,totalAssets,12323705856.0,126.82,1.0151,0.008004258003469484,1.1944417421117666,0.1743800300618178,1.2551601423487542,0.2027890761185358,2026-05-15,,,,,,,,,,,,,"{""benchmark"":""SPY"",""history_period"":""4y"",""market_data_source"":""ibkr"",""max_otm_pct"":0.15,""min_otm_pct"":0.05,""option_dte_max"":56,""option_dte_min"":25,""option_monthly_only"":true,""option_target_dte"":35,""preferred_otm_pct"":0.08}",2026-04-17,,FAIL,annualized_call_yield_missing;selected_call_spread_pct_missing;option_liquidity_missing,0.275013,0.100053,0.0,0.0,1.0,1.0,
MDY,ETF,marketCap,36169990144.0,653.705,7.12188,0.010894639019129423,1.0295997130816408,0.16432568154055804,0.4387647136622139,0.24495258982132484,2026-05-15,,,,,,,,,,,,,"{""benchmark"":""SPY"",""history_period"":""4y"",""market_data_source"":""ibkr"",""max_otm_pct"":0.15,""min_otm_pct"":0.05,""option_dte_max"":56,""option_dte_min"":25,""option_monthly_only"":true,""option_target_dte"":35,""preferred_otm_pct"":0.08}",2026-04-17,,FAIL,annualized_call_yield_missing;selected_call_spread_pct_missing;option_liquidity_missing,0.27486,0.136183,0.0,0.0,0.938765,1.0,
IEF,ETF,marketCap,13929860096.0,95.39,3.66097,0.03837897054198553,0.02766458226651746,0.051829096227860055,-0.04341287347102463,0.112718204488778,2026-05-15,,,,,,,,,,,,,"{""benchmark"":""SPY"",""history_period"":""4y"",""market_data_source"":""ibkr"",""max_otm_pct"":0.15,""min_otm_pct"":0.05,""option_dte_max"":56,""option_dte_min"":25,""option_monthly_only"":true,""option_target_dte"":35,""preferred_otm_pct"":0.08}",2026-04-17,,FAIL,annualized_call_yield_missing;selected_call_spread_pct_missing;realized_vol_1y<0.08;option_liquidity_missing,0.274337,0.479737,0.0,0.0,0.456587,0.859145,
IYR,ETF,marketCap,5002116096.0,101.465,2.24704,0.022145961661656728,0.4634116931395826,0.13575684786501963,0.19725962674226327,0.18463468777145053,2026-05-15,,,,,,,,,,,,,"{""benchmark"":""SPY"",""history_period"":""4y"",""market_data_source"":""ibkr"",""max_otm_pct"":0.15,""min_otm_pct"":0.05,""option_dte_max"":56,""option_dte_min"":25,""option_monthly_only"":true,""option_target_dte"":35,""preferred_otm_pct"":0.08}",2026-04-17,,FAIL,annualized_call_yield_missing;selected_call_spread_pct_missing;option_liquidity_missing,0.273795,0.276825,0.0,0.0,0.69726,1.0,
MTUM,ETF,totalAssets,20236066816.0,271.485,1.9664,0.007243125771221245,1.2075080652739318,0.1855843668150182,0.8883000976153954,0.21195746906048452,2026-05-15,,,,,,,,,,,,,"{""benchmark"":""SPY"",""history_period"":""4y"",""market_data_source"":""ibkr"",""max_otm_pct"":0.15,""min_otm_pct"":0.05,""option_dte_max"":56,""option_dte_min"":25,""option_monthly_only"":true,""option_target_dte"":35,""preferred_otm_pct"":0.08}",2026-04-17,,FAIL,annualized_call_yield_missing;selected_call_spread_pct_missing;option_liquidity_missing,0.272635,0.090539,0.0,0.0,1.0,1.0,
QUAL,ETF,marketCap,24640993280.0,204.745,1.41947,0.0069328677134972766,0.9510350841187939,0.13202607874099057,0.6517380759902991,0.18426545357238433,2026-05-15,,,,,,,,,,,,,"{""benchmark"":""SPY"",""history_period"":""4y"",""market_data_source"":""ibkr"",""max_otm_pct"":0.15,""min_otm_pct"":0.05,""option_dte_max"":56,""option_dte_min"":25,""option_monthly_only"":true,""option_target_dte"":35,""preferred_otm_pct"":0.08}",2026-04-17,,FAIL,annualized_call_yield_missing;selected_call_spread_pct_missing;option_liquidity_missing,0.271665,0.086661,0.0,0.0,1.0,1.0,
GDXJ,ETF,totalAssets,9021971456.0,128.7,2.6494,0.020585858585858586,0.5865118308114103,0.4880374875582284,2.05547686496695,0.32921441833664133,2026-05-15,,,,,,,,,,,,,"{""benchmark"":""SPY"",""history_period"":""4y"",""market_data_source"":""ibkr"",""max_otm_pct"":0.15,""min_otm_pct"":0.05,""option_dte_max"":56,""option_dte_min"":25,""option_monthly_only"":true,""option_target_dte"":35,""preferred_otm_pct"":0.08}",2026-04-17,,FAIL,annualized_call_yield_missing;selected_call_spread_pct_missing;realized_vol_1y>0.45;option_liquidity_missing,0.271548,0.257323,0.0,0.0,0.841571,0.809813,
VGIT,ETF,totalAssets,48471842816.0,59.55,2.2711,0.03813769941225861,0.0031205813533235907,0.03738606830170091,-0.01162211522497092,0.07419620774938174,2026-05-15,,,,,,,,,,,,,"{""benchmark"":""SPY"",""history_period"":""4y"",""market_data_source"":""ibkr"",""max_otm_pct"":0.15,""min_otm_pct"":0.05,""option_dte_max"":56,""option_dte_min"":25,""option_monthly_only"":true,""option_target_dte"":35,""preferred_otm_pct"":0.08}",2026-04-17,,FAIL,annualized_call_yield_missing;selected_call_spread_pct_missing;realized_vol_1y<0.08;option_liquidity_missing,0.27113,0.476721,0.0,0.0,0.488378,0.78693,
XLP,ETF,marketCap,17114305536.0,81.535,2.17544,0.026681057214693077,0.12123675183410679,0.12715791273535443,0.0822700691121745,0.1455483870967742,2026-05-15,,,,,,,,,,,,,"{""benchmark"":""SPY"",""history_period"":""4y"",""market_data_source"":""ibkr"",""max_otm_pct"":0.15,""min_otm_pct"":0.05,""option_dte_max"":56,""option_dte_min"":25,""option_monthly_only"":true,""option_target_dte"":35,""preferred_otm_pct"":0.08}",2026-04-17,,FAIL,annualized_call_yield_missing;selected_call_spread_pct_missing;option_liquidity_missing,0.270719,0.333513,0.0,0.0,0.58227,1.0,
IWM,ETF,marketCap,75869446144.0,270.55,2.5369,0.009376824986139346,1.228723017514876,0.1960195086439852,0.5352024567788898,0.27879537953795386,2026-05-15,,,,,,,,,,,,,"{""benchmark"":""SPY"",""history_period"":""4y"",""market_data_source"":""ibkr"",""max_otm_pct"":0.15,""min_otm_pct"":0.05,""option_dte_max"":56,""option_dte_min"":25,""option_monthly_only"":true,""option_target_dte"":35,""preferred_otm_pct"":0.08}",2026-04-17,,FAIL,annualized_call_yield_missing;selected_call_spread_pct_missing;option_liquidity_missing,0.270664,0.11721,0.0,0.0,0.942409,1.0,
XLG,ETF,totalAssets,9465284608.0,59.269999999999996,0.38257,0.0064546988358360055,1.0747774056001873,0.14875742994408925,0.9248217757615036,0.2085830272569109,2026-05-15,,,,,,,,,,,,,"{""benchmark"":""SPY"",""history_period"":""4y"",""market_data_source"":""ibkr"",""max_otm_pct"":0.15,""min_otm_pct"":0.05,""option_dte_max"":56,""option_dte_min"":25,""option_monthly_only"":true,""option_target_dte"":35,""preferred_otm_pct"":0.08}",2026-04-17,,FAIL,annualized_call_yield_missing;selected_call_spread_pct_missing;option_liquidity_missing,0.270171,0.080684,0.0,0.0,1.0,1.0,
SPYG,ETF,marketCap,15145337856.0,109.46000000000001,0.564112,0.005153590352640233,1.2387142162146338,0.1729391403693454,0.9849664915776128,0.22253490637514883,2026-05-15,,,,,,,,,,,,,"{""benchmark"":""SPY"",""history_period"":""4y"",""market_data_source"":""ibkr"",""max_otm_pct"":0.15,""min_otm_pct"":0.05,""option_dte_max"":56,""option_dte_min"":25,""option_monthly_only"":true,""option_target_dte"":35,""preferred_otm_pct"":0.08}",2026-04-17,,FAIL,annualized_call_yield_missing;selected_call_spread_pct_missing;option_liquidity_missing,0.266105,0.06442,0.0,0.0,1.0,1.0,
USFR,ETF,totalAssets,17591769088.0,50.42,2.01499,0.03996410154700516,-0.0065417268570357335,0.011654679419773143,0.0013902681231381386,0.006334125098970689,2026-05-15,,,,,,,,,,,,,"{""benchmark"":""SPY"",""history_period"":""4y"",""market_data_source"":""ibkr"",""max_otm_pct"":0.15,""min_otm_pct"":0.05,""option_dte_max"":56,""option_dte_min"":25,""option_monthly_only"":true,""option_target_dte"":35,""preferred_otm_pct"":0.08}",2026-04-17,,FAIL,annualized_call_yield_missing;selected_call_spread_pct_missing;realized_vol_1y<0.08;option_liquidity_missing,0.265924,0.499551,0.0,0.0,0.50139,0.658273,
QQQM,ETF,totalAssets,68830765056.0,263.45,1.26925,0.00481780223951414,1.226073211703996,0.17010982052131116,1.04871416362365,0.22827555155335433,2026-05-15,,,,,,,,,,,,,"{""benchmark"":""SPY"",""history_period"":""4y"",""market_data_source"":""ibkr"",""max_otm_pct"":0.15,""min_otm_pct"":0.05,""option_dte_max"":56,""option_dte_min"":25,""option_monthly_only"":true,""option_target_dte"":35,""preferred_otm_pct"":0.08}",2026-04-17,,FAIL,annualized_call_yield_missing;selected_call_spread_pct_missing;option_liquidity_missing,0.265056,0.060223,0.0,0.0,1.0,1.0,
SGOV,ETF,totalAssets,83568402432.0,100.56,3.96726,0.03945167064439141,-0.0007078475400346286,0.011128416242997222,0.0017937219730941312,0.0067507197458552826,2026-05-15,,,,,,,,,,,,,"{""benchmark"":""SPY"",""history_period"":""4y"",""market_data_source"":""ibkr"",""max_otm_pct"":0.15,""min_otm_pct"":0.05,""option_dte_max"":56,""option_dte_min"":25,""option_monthly_only"":true,""option_target_dte"":35,""preferred_otm_pct"":0.08}",2026-04-17,,FAIL,annualized_call_yield_missing;selected_call_spread_pct_missing;realized_vol_1y<0.08;option_liquidity_missing,0.26412,0.493146,0.0,0.0,0.501794,0.655642,
BIL,ETF,totalAssets,50000146432.0,91.55,3.61682,0.039506499180775534,-0.0008851893106017742,0.011210906895196927,-0.0006551648831623069,0.006967123884171533,2026-05-15,,,,,,,,,,,,,"{""benchmark"":""SPY"",""history_period"":""4y"",""market_data_source"":""ibkr"",""max_otm_pct"":0.15,""min_otm_pct"":0.05,""option_dte_max"":56,""option_dte_min"":25,""option_monthly_only"":true,""option_target_dte"":35,""preferred_otm_pct"":0.08}",2026-04-17,,FAIL,annualized_call_yield_missing;selected_call_spread_pct_missing;realized_vol_1y<0.08;option_liquidity_missing,0.263965,0.493831,0.0,0.0,0.499345,0.656055,
VUG,ETF,marketCap,117765603328.0,485.5,1.9883,0.0040953656024716786,1.2469488572734473,0.173940867087576,0.9890428880984505,0.23036135572633198,2026-05-15,,,,,,,,,,,,,"{""benchmark"":""SPY"",""history_period"":""4y"",""market_data_source"":""ibkr"",""max_otm_pct"":0.15,""min_otm_pct"":0.05,""option_dte_max"":56,""option_dte_min"":25,""option_monthly_only"":true,""option_target_dte"":35,""preferred_otm_pct"":0.08}",2026-04-17,,FAIL,annualized_call_yield_missing;selected_call_spread_pct_missing;option_liquidity_missing,0.262798,0.051192,0.0,0.0,1.0,1.0,
SCHG,ETF,totalAssets,48416563200.0,32.12,0.1259,0.003919676214196763,1.2340275770245333,0.17112492163227694,1.0018691588785047,0.23470790378006878,2026-05-15,,,,,,,,,,,,,"{""benchmark"":""SPY"",""history_period"":""4y"",""market_data_source"":""ibkr"",""max_otm_pct"":0.15,""min_otm_pct"":0.05,""option_dte_max"":56,""option_dte_min"":25,""option_monthly_only"":true,""option_target_dte"":35,""preferred_otm_pct"":0.08}",2026-04-17,,FAIL,annualized_call_yield_missing;selected_call_spread_pct_missing;option_liquidity_missing,0.262249,0.048996,0.0,0.0,1.0,1.0,
IVW,ETF,marketCap,16556663808.0,126.55,0.488096,0.0038569419201896485,1.2370916720656426,0.17155208128751448,0.9865034526051475,0.2224200956040866,2026-05-15,,,,,,,,,,,,,"{""benchmark"":""SPY"",""history_period"":""4y"",""market_data_source"":""ibkr"",""max_otm_pct"":0.15,""min_otm_pct"":0.05,""option_dte_max"":56,""option_dte_min"":25,""option_monthly_only"":true,""option_target_dte"":35,""preferred_otm_pct"":0.08}",2026-04-17,,FAIL,annualized_call_yield_missing;selected_call_spread_pct_missing;option_liquidity_missing,0.262053,0.048212,0.0,0.0,1.0,1.0,
GOVT,ETF,totalAssets,40681287680.0,22.9,0.804614,0.035135982532751096,0.018553351912333035,0.04040093949138687,-0.024296675191815886,0.08241291418861507,2026-05-15,,,,,,,,,,,,,"{""benchmark"":""SPY"",""history_period"":""4y"",""market_data_source"":""ibkr"",""max_otm_pct"":0.15,""min_otm_pct"":0.05,""option_dte_max"":56,""option_dte_min"":25,""option_monthly_only"":true,""option_target_dte"":35,""preferred_otm_pct"":0.08}",2026-04-17,,FAIL,annualized_call_yield_missing;selected_call_spread_pct_missing;realized_vol_1y<0.08;option_liquidity_missing,0.261356,0.4392,0.0,0.0,0.475703,0.802005,
IWF,ETF,marketCap,132885938176.0,466.0,1.68968,0.003625922746781116,1.2282968050368321,0.17063264266062866,0.9491152280468556,0.23516494008688593,2026-05-15,,,,,,,,,,,,,"{""benchmark"":""SPY"",""history_period"":""4y"",""market_data_source"":""ibkr"",""max_otm_pct"":0.15,""min_otm_pct"":0.05,""option_dte_max"":56,""option_dte_min"":25,""option_monthly_only"":true,""option_target_dte"":35,""preferred_otm_pct"":0.08}",2026-04-17,,FAIL,annualized_call_yield_missing;selected_call_spread_pct_missing;option_liquidity_missing,0.261331,0.045324,0.0,0.0,1.0,1.0,
SHY,ETF,marketCap,17263065088.0,82.57499999999999,3.06578,0.03712721768089616,0.0005929206950067014,0.017809455202019032,0.0041392744095447576,0.02172066496784364,2026-05-15,,,,,,,,,,,,,"{""benchmark"":""SPY"",""history_period"":""4y"",""market_data_source"":""ibkr"",""max_otm_pct"":0.15,""min_otm_pct"":0.05,""option_dte_max"":56,""option_dte_min"":25,""option_monthly_only"":true,""option_target_dte"":35,""preferred_otm_pct"":0.08}",2026-04-17,,FAIL,annualized_call_yield_missing;selected_call_spread_pct_missing;realized_vol_1y<0.08;option_liquidity_missing,0.260548,0.46409,0.0,0.0,0.504139,0.689047,
IJR,ETF,marketCap,75069374464.0,132.88,1.59808,0.012026490066225165,1.1014797680833328,0.1845504818641143,0.3932171356572869,0.289056366776574,2026-05-15,,,,,,,,,,,,,"{""benchmark"":""SPY"",""history_period"":""4y"",""market_data_source"":""ibkr"",""max_otm_pct"":0.15,""min_otm_pct"":0.05,""option_dte_max"":56,""option_dte_min"":25,""option_monthly_only"":true,""option_target_dte"":35,""preferred_otm_pct"":0.08}",2026-04-17,,FAIL,annualized_call_yield_missing;selected_call_spread_pct_missing;option_liquidity_missing,0.259848,0.150331,0.0,0.0,0.815104,1.0,
URA,ETF,totalAssets,6505265152.0,55.15,2.08433,0.03779383499546691,1.642353393346078,0.4856438427279075,1.8343589743589743,0.39450089659294674,2026-05-15,,,,,,,,,,,,,"{""benchmark"":""SPY"",""history_period"":""4y"",""market_data_source"":""ibkr"",""max_otm_pct"":0.15,""min_otm_pct"":0.05,""option_dte_max"":56,""option_dte_min"":25,""option_monthly_only"":true,""option_target_dte"":35,""preferred_otm_pct"":0.08}",2026-04-17,,FAIL,annualized_call_yield_missing;selected_call_spread_pct_missing;beta_1y>1.25;realized_vol_1y>0.45;option_liquidity_missing,0.256934,0.472423,0.0,0.0,0.710998,0.321781,
ITA,ETF,totalAssets,13488702464.0,230.0,0.323342,0.0014058347826086956,0.8742741825898472,0.19790640423766948,0.9687956674976361,0.1587916034799266,2026-05-15,,,,,,,,,,,,,"{""benchmark"":""SPY"",""history_period"":""4y"",""market_data_source"":""ibkr"",""max_otm_pct"":0.15,""min_otm_pct"":0.05,""option_dte_max"":56,""option_dte_min"":25,""option_monthly_only"":true,""option_target_dte"":35,""preferred_otm_pct"":0.08}",2026-04-17,,FAIL,annualized_call_yield_missing;selected_call_spread_pct_missing;option_liquidity_missing,0.254393,0.017573,0.0,0.0,1.0,1.0,
USMV,ETF,totalAssets,22560100352.0,94.45500000000001,1.108,0.011730453655179714,0.4370932197586933,0.09514092592364862,0.2812542418895072,0.09675372739769472,2026-05-15,,,,,,,,,,,,,"{""benchmark"":""SPY"",""history_period"":""4y"",""market_data_source"":""ibkr"",""max_otm_pct"":0.15,""min_otm_pct"":0.05,""option_dte_max"":56,""option_dte_min"":25,""option_monthly_only"":true,""option_target_dte"":35,""preferred_otm_pct"":0.08}",2026-04-17,,FAIL,annualized_call_yield_missing;selected_call_spread_pct_missing;option_liquidity_missing,0.253846,0.146631,0.0,0.0,0.781254,1.0,
GDX,ETF,totalAssets,28155811840.0,97.4,0.6331,0.0065,0.4893444664167871,0.44383471229681737,1.7966781214203893,0.3083563535911602,2026-05-15,,,,,,,,,,,,,"{""benchmark"":""SPY"",""history_period"":""4y"",""market_data_source"":""ibkr"",""max_otm_pct"":0.15,""min_otm_pct"":0.05,""option_dte_max"":56,""option_dte_min"":25,""option_monthly_only"":true,""option_target_dte"":35,""preferred_otm_pct"":0.08}",2026-04-17,,FAIL,annualized_call_yield_missing;selected_call_spread_pct_missing;option_liquidity_missing,0.252806,0.08125,0.0,0.0,0.883287,1.0,
VTEB,ETF,totalAssets,44200468480.0,50.295,1.6808,0.03341882890943434,0.054163095564417174,0.03073326173897547,-0.015080297688993438,0.07246376811594213,2026-05-15,,,,,,,,,,,,,"{""benchmark"":""SPY"",""history_period"":""4y"",""market_data_source"":""ibkr"",""max_otm_pct"":0.15,""min_otm_pct"":0.05,""option_dte_max"":56,""option_dte_min"":25,""option_monthly_only"":true,""option_target_dte"":35,""preferred_otm_pct"":0.08}",2026-04-17,,FAIL,annualized_call_yield_missing;selected_call_spread_pct_missing;realized_vol_1y<0.08;option_liquidity_missing,0.252538,0.417735,0.0,0.0,0.48492,0.753666,
GLD,ETF,marketCap,114552823808.0,440.5,,,0.006000369261265549,0.2747460236478633,1.3509802874085155,0.19209518047993546,2026-05-15,,,,,,,,,,,,,"{""benchmark"":""SPY"",""history_period"":""4y"",""market_data_source"":""ibkr"",""max_otm_pct"":0.15,""min_otm_pct"":0.05,""option_dte_max"":56,""option_dte_min"":25,""option_monthly_only"":true,""option_target_dte"":35,""preferred_otm_pct"":0.08}",2026-04-17,,FAIL,dividend_yield_missing;annualized_call_yield_missing;selected_call_spread_pct_missing;option_liquidity_missing,0.25,0.0,0.0,0.0,1.0,1.0,
IAU,ETF,marketCap,87468728320.0,90.315,,,0.0022956304731819362,0.27313660214754504,1.360827441738675,0.191788914049424,2026-05-15,,,,,,,,,,,,,"{""benchmark"":""SPY"",""history_period"":""4y"",""market_data_source"":""ibkr"",""max_otm_pct"":0.15,""min_otm_pct"":0.05,""option_dte_max"":56,""option_dte_min"":25,""option_monthly_only"":true,""option_target_dte"":35,""preferred_otm_pct"":0.08}",2026-04-17,,FAIL,dividend_yield_missing;annualized_call_yield_missing;selected_call_spread_pct_missing;option_liquidity_missing,0.25,0.0,0.0,0.0,1.0,1.0,
SGOL,ETF,totalAssets,7866952704.0,45.65,,,0.002238366236161478,0.27210624875477124,1.3677385892116178,0.1914024508850417,2026-05-15,,,,,,,,,,,,,"{""benchmark"":""SPY"",""history_period"":""4y"",""market_data_source"":""ibkr"",""max_otm_pct"":0.15,""min_otm_pct"":0.05,""option_dte_max"":56,""option_dte_min"":25,""option_monthly_only"":true,""option_target_dte"":35,""preferred_otm_pct"":0.08}",2026-04-17,,FAIL,dividend_yield_missing;annualized_call_yield_missing;selected_call_spread_pct_missing;option_liquidity_missing,0.25,0.0,0.0,0.0,1.0,1.0,
SCHB,ETF,totalAssets,36927254528.0,27.11,,,1.005507101216613,0.13449893141562388,0.7080706179066836,0.1957894736842105,2026-05-15,,,,,,,,,,,,,"{""benchmark"":""SPY"",""history_period"":""4y"",""market_data_source"":""ibkr"",""max_otm_pct"":0.15,""min_otm_pct"":0.05,""option_dte_max"":56,""option_dte_min"":25,""option_monthly_only"":true,""option_target_dte"":35,""preferred_otm_pct"":0.08}",2026-04-17,,FAIL,dividend_yield_missing;annualized_call_yield_missing;selected_call_spread_pct_missing;option_liquidity_missing,0.25,0.0,0.0,0.0,1.0,1.0,
DYNF,ETF,totalAssets,30008514560.0,63.04,,,1.0064332265172158,0.13642809192765729,0.9516878290492414,0.18983807928531538,2026-05-15,,,,,,,,,,,,,"{""benchmark"":""SPY"",""history_period"":""4y"",""market_data_source"":""ibkr"",""max_otm_pct"":0.15,""min_otm_pct"":0.05,""option_dte_max"":56,""option_dte_min"":25,""option_monthly_only"":true,""option_target_dte"":35,""preferred_otm_pct"":0.08}",2026-04-17,,FAIL,dividend_yield_missing;annualized_call_yield_missing;selected_call_spread_pct_missing;option_liquidity_missing,0.25,0.0,0.0,0.0,1.0,1.0,
MUB,ETF,totalAssets,42596511744.0,107.015,3.38806,0.031659673877493806,0.05955635887232685,0.03243846192731852,-0.014735678762202942,0.07008657211272795,2026-05-15,,,,,,,,,,,,,"{""benchmark"":""SPY"",""history_period"":""4y"",""market_data_source"":""ibkr"",""max_otm_pct"":0.15,""min_otm_pct"":0.05,""option_dte_max"":56,""option_dte_min"":25,""option_monthly_only"":true,""option_target_dte"":35,""preferred_otm_pct"":0.08}",2026-04-17,,FAIL,annualized_call_yield_missing;selected_call_spread_pct_missing;realized_vol_1y<0.08;option_liquidity_missing,0.247945,0.395746,0.0,0.0,0.485264,0.762192,
IWR,ETF,marketCap,35916046336.0,102.72,,,0.9392306820653393,0.14495647320619331,0.48160969277369103,0.2160804020100503,2026-05-15,,,,,,,,,,,,,"{""benchmark"":""SPY"",""history_period"":""4y"",""market_data_source"":""ibkr"",""max_otm_pct"":0.15,""min_otm_pct"":0.05,""option_dte_max"":56,""option_dte_min"":25,""option_monthly_only"":true,""option_target_dte"":35,""preferred_otm_pct"":0.08}",2026-04-17,,FAIL,dividend_yield_missing;annualized_call_yield_missing;selected_call_spread_pct_missing;option_liquidity_missing,0.247241,0.0,0.0,0.0,0.98161,1.0,
SIL,ETF,totalAssets,5131136000.0,96.85,0.988505,0.010206556530717606,0.7621766713507194,0.4783106730828528,2.025529265255293,0.32906888079301877,2026-05-15,,,,,,,,,,,,,"{""benchmark"":""SPY"",""history_period"":""4y"",""market_data_source"":""ibkr"",""max_otm_pct"":0.15,""min_otm_pct"":0.05,""option_dte_max"":56,""option_dte_min"":25,""option_monthly_only"":true,""option_target_dte"":35,""preferred_otm_pct"":0.08}",2026-04-17,,FAIL,annualized_call_yield_missing;selected_call_spread_pct_missing;realized_vol_1y>0.45;option_liquidity_missing,0.244019,0.127582,0.0,0.0,0.841862,0.858447,
XLV,ETF,marketCap,28943013888.0,146.79,2.50675,0.01707711696982083,0.550142009765121,0.16024506847855421,0.09475806451612923,0.18106079877893666,2026-05-15,,,,,,,,,,,,,"{""benchmark"":""SPY"",""history_period"":""4y"",""market_data_source"":""ibkr"",""max_otm_pct"":0.15,""min_otm_pct"":0.05,""option_dte_max"":56,""option_dte_min"":25,""option_monthly_only"":true,""option_target_dte"":35,""preferred_otm_pct"":0.08}",2026-04-17,,FAIL,annualized_call_yield_missing;selected_call_spread_pct_missing;option_liquidity_missing,0.24258,0.213464,0.0,0.0,0.594758,1.0,
TIP,ETF,marketCap,19758462976.0,111.37,3.09309,0.027773098680075423,0.030102827346350558,0.039399806339874145,0.005425445338638202,0.07842252504286618,2026-05-15,,,,,,,,,,,,,"{""benchmark"":""SPY"",""history_period"":""4y"",""market_data_source"":""ibkr"",""max_otm_pct"":0.15,""min_otm_pct"":0.05,""option_dte_max"":56,""option_dte_min"":25,""option_monthly_only"":true,""option_target_dte"":35,""preferred_otm_pct"":0.08}",2026-04-17,,FAIL,annualized_call_yield_missing;selected_call_spread_pct_missing;realized_vol_1y<0.08;option_liquidity_missing,0.242305,0.347164,0.0,0.0,0.505425,0.796999,
IVE,ETF,marketCap,29064200192.0,219.005,,,0.7222978919134274,0.11119982673237469,0.4466944609886836,0.1834893534461851,2026-05-15,,,,,,,,,,,,,"{""benchmark"":""SPY"",""history_period"":""4y"",""market_data_source"":""ibkr"",""max_otm_pct"":0.15,""min_otm_pct"":0.05,""option_dte_max"":56,""option_dte_min"":25,""option_monthly_only"":true,""option_target_dte"":35,""preferred_otm_pct"":0.08}",2026-04-17,,FAIL,dividend_yield_missing;annualized_call_yield_missing;selected_call_spread_pct_missing;option_liquidity_missing,0.242004,0.0,0.0,0.0,0.946694,1.0,
XOP,ETF,marketCap,11831310336.0,166.14,3.25299,0.01957981220657277,0.26269383854392103,0.26981688871968085,0.25482279048900836,0.3654025779936485,2026-05-15,,,,,,,,,,,,,"{""benchmark"":""SPY"",""history_period"":""4y"",""market_data_source"":""ibkr"",""max_otm_pct"":0.15,""min_otm_pct"":0.05,""option_dte_max"":56,""option_dte_min"":25,""option_monthly_only"":true,""option_target_dte"":35,""preferred_otm_pct"":0.08}",2026-04-17,,FAIL,annualized_call_yield_missing;selected_call_spread_pct_missing;option_liquidity_missing,0.23979,0.244748,0.0,0.0,0.524018,1.0,
EWY,ETF,marketCap,11148732416.0,146.75,2.03707,0.013881226575809199,1.4658065554114963,0.36323850550549014,1.3724259974259976,0.2906032482598607,2026-05-15,,,,,,,,,,,,,"{""benchmark"":""SPY"",""history_period"":""4y"",""market_data_source"":""ibkr"",""max_otm_pct"":0.15,""min_otm_pct"":0.05,""option_dte_max"":56,""option_dte_min"":25,""option_monthly_only"":true,""option_target_dte"":35,""preferred_otm_pct"":0.08}",2026-04-17,,FAIL,annualized_call_yield_missing;selected_call_spread_pct_missing;beta_1y>1.25;option_liquidity_missing,0.238037,0.173515,0.0,0.0,0.918794,0.568387,
XBI,ETF,totalAssets,7434448896.0,135.6,0.440509,0.0032485914454277284,1.0545343725219583,0.2593722663919541,0.7811965811965813,0.3300057592628144,2026-05-15,,,,,,,,,,,,,"{""benchmark"":""SPY"",""history_period"":""4y"",""market_data_source"":""ibkr"",""max_otm_pct"":0.15,""min_otm_pct"":0.05,""option_dte_max"":56,""option_dte_min"":25,""option_monthly_only"":true,""option_target_dte"":35,""preferred_otm_pct"":0.08}",2026-04-17,,FAIL,annualized_call_yield_missing;selected_call_spread_pct_missing;option_liquidity_missing,0.23615,0.040607,0.0,0.0,0.839988,1.0,
SILJ,ETF,totalAssets,4027863296.0,31.94,0.554104,0.01734827802128992,0.9696515711304532,0.5281740620797204,1.723931623931624,0.3494694960212201,2026-05-15,,,,,,,,,,,,,"{""benchmark"":""SPY"",""history_period"":""4y"",""market_data_source"":""ibkr"",""max_otm_pct"":0.15,""min_otm_pct"":0.05,""option_dte_max"":56,""option_dte_min"":25,""option_monthly_only"":true,""option_target_dte"":35,""preferred_otm_pct"":0.08}",2026-04-17,,FAIL,annualized_call_yield_missing;selected_call_spread_pct_missing;realized_vol_1y>0.45;option_liquidity_missing,0.235285,0.216853,0.0,0.0,0.801061,0.60913,
XLK,ETF,marketCap,41357955072.0,152.03,1.14171,0.007509767808985069,1.4354757016408723,0.21135373039027447,1.0716816571272827,0.25790734164670903,2026-05-15,,,,,,,,,,,,,"{""benchmark"":""SPY"",""history_period"":""4y"",""market_data_source"":""ibkr"",""max_otm_pct"":0.15,""min_otm_pct"":0.05,""option_dte_max"":56,""option_dte_min"":25,""option_monthly_only"":true,""option_target_dte"":35,""preferred_otm_pct"":0.08}",2026-04-17,,FAIL,annualized_call_yield_missing;selected_call_spread_pct_missing;beta_1y>1.25;option_liquidity_missing,0.234001,0.093872,0.0,0.0,0.984185,0.629049,
IBB,ETF,marketCap,12136163328.0,174.4,0.38776,0.002223394495412844,0.9187903307415505,0.21358909126540676,0.33363970588235303,0.25055195022412524,2026-05-15,,,,,,,,,,,,,"{""benchmark"":""SPY"",""history_period"":""4y"",""market_data_source"":""ibkr"",""max_otm_pct"":0.15,""min_otm_pct"":0.05,""option_dte_max"":56,""option_dte_min"":25,""option_monthly_only"":true,""option_target_dte"":35,""preferred_otm_pct"":0.08}",2026-04-17,,FAIL,annualized_call_yield_missing;selected_call_spread_pct_missing;option_liquidity_missing,0.231828,0.027792,0.0,0.0,0.832536,1.0,
COPX,ETF,totalAssets,6707480576.0,85.98,1.92213,0.022355547801814372,1.5080223372615262,0.382860968117778,1.1365551425030977,0.40743550834597875,2026-05-15,,,,,,,,,,,,,"{""benchmark"":""SPY"",""history_period"":""4y"",""market_data_source"":""ibkr"",""max_otm_pct"":0.15,""min_otm_pct"":0.05,""option_dte_max"":56,""option_dte_min"":25,""option_monthly_only"":true,""option_target_dte"":35,""preferred_otm_pct"":0.08}",2026-04-17,,FAIL,annualized_call_yield_missing;selected_call_spread_pct_missing;beta_1y>1.25;option_liquidity_missing,0.22263,0.279444,0.0,0.0,0.685129,0.5,
VGT,ETF,totalAssets,121284206592.0,791.53,3.0622,0.003868709966773211,1.4633074089489595,0.2133648884127438,1.114207912862406,0.2740867632760776,2026-05-15,,,,,,,,,,,,,"{""benchmark"":""SPY"",""history_period"":""4y"",""market_data_source"":""ibkr"",""max_otm_pct"":0.15,""min_otm_pct"":0.05,""option_dte_max"":56,""option_dte_min"":25,""option_monthly_only"":true,""option_target_dte"":35,""preferred_otm_pct"":0.08}",2026-04-17,,FAIL,annualized_call_yield_missing;selected_call_spread_pct_missing;beta_1y>1.25;option_liquidity_missing,0.212202,0.048359,0.0,0.0,0.951826,0.573385,
INDA,ETF,totalAssets,6745649664.0,50.385,,,0.4706917737706024,0.15018384021700962,0.24378109452736307,0.2327702702702703,2026-05-15,,,,,,,,,,,,,"{""benchmark"":""SPY"",""history_period"":""4y"",""market_data_source"":""ibkr"",""max_otm_pct"":0.15,""min_otm_pct"":0.05,""option_dte_max"":56,""option_dte_min"":25,""option_monthly_only"":true,""option_target_dte"":35,""preferred_otm_pct"":0.08}",2026-04-17,,FAIL,dividend_yield_missing;annualized_call_yield_missing;selected_call_spread_pct_missing;option_liquidity_missing,0.211567,0.0,0.0,0.0,0.743781,1.0,
IYW,ETF,marketCap,4265464064.0,207.09,,,1.4364214305378074,0.209204808541176,1.2824309392265194,0.2651238083817975,2026-05-15,,,,,,,,,,,,,"{""benchmark"":""SPY"",""history_period"":""4y"",""market_data_source"":""ibkr"",""max_otm_pct"":0.15,""min_otm_pct"":0.05,""option_dte_max"":56,""option_dte_min"":25,""option_monthly_only"":true,""option_target_dte"":35,""preferred_otm_pct"":0.08}",2026-04-17,,FAIL,dividend_yield_missing;annualized_call_yield_missing;selected_call_spread_pct_missing;beta_1y>1.25;option_liquidity_missing,0.208179,0.0,0.0,0.0,0.969752,0.627157,
USO,ETF,marketCap,14987543552.0,124.87,,,-0.743867904538592,0.4041322696209411,0.737401629159188,0.2604932416409771,2026-05-15,,,,,,,,,,,,,"{""benchmark"":""SPY"",""history_period"":""4y"",""market_data_source"":""ibkr"",""max_otm_pct"":0.15,""min_otm_pct"":0.05,""option_dte_max"":56,""option_dte_min"":25,""option_monthly_only"":true,""option_target_dte"":35,""preferred_otm_pct"":0.08}",2026-04-17,,FAIL,dividend_yield_missing;annualized_call_yield_missing;selected_call_spread_pct_missing;beta_1y<-0.25;option_liquidity_missing,0.196852,0.0,0.0,0.0,0.979014,0.5,
SMH,ETF,marketCap,5307924992.0,455.395,1.1047,0.002425806168271501,1.841074122980135,0.3005225753577683,2.633458496444835,0.360223273011697,2026-05-15,,,,,,,,,,,,,"{""benchmark"":""SPY"",""history_period"":""4y"",""market_data_source"":""ibkr"",""max_otm_pct"":0.15,""min_otm_pct"":0.05,""option_dte_max"":56,""option_dte_min"":25,""option_monthly_only"":true,""option_target_dte"":35,""preferred_otm_pct"":0.08}",2026-04-17,,FAIL,annualized_call_yield_missing;selected_call_spread_pct_missing;beta_1y>1.25;option_liquidity_missing,0.174514,0.030323,0.0,0.0,0.779553,0.5,
SOXX,ETF,marketCap,3105517568.0,406.36,1.66824,0.004105325327295993,1.911777022820239,0.325908930535574,1.8975731620271237,0.41670119401860706,2026-05-15,,,,,,,,,,,,,"{""benchmark"":""SPY"",""history_period"":""4y"",""market_data_source"":""ibkr"",""max_otm_pct"":0.15,""min_otm_pct"":0.05,""option_dte_max"":56,""option_dte_min"":25,""option_monthly_only"":true,""option_target_dte"":35,""preferred_otm_pct"":0.08}",2026-04-17,,FAIL,annualized_call_yield_missing;selected_call_spread_pct_missing;beta_1y>1.25;option_liquidity_missing,0.162819,0.051317,0.0,0.0,0.666598,0.5,
ARKK,ETF,totalAssets,5980084736.0,76.99000000000001,,,2.149193350124141,0.3740706344944758,1.054183266932271,0.39555356609967174,2026-05-15,,,,,,,,,,,,,"{""benchmark"":""SPY"",""history_period"":""4y"",""market_data_source"":""ibkr"",""max_otm_pct"":0.15,""min_otm_pct"":0.05,""option_dte_max"":56,""option_dte_min"":25,""option_monthly_only"":true,""option_target_dte"":35,""preferred_otm_pct"":0.08}",2026-04-17,,FAIL,dividend_yield_missing;annualized_call_yield_missing;selected_call_spread_pct_missing;beta_1y>1.25;option_liquidity_missing,0.156334,0.0,0.0,0.0,0.708893,0.5,
IEI,ETF,totalAssets,18661527552.0,118.64500000000001,,,-0.0011856301277052262,0.03407347782912238,0.003639749449805274,0.06241599462365599,2026-05-15,,,,,,,,,,,,,"{""benchmark"":""SPY"",""history_period"":""4y"",""market_data_source"":""ibkr"",""max_otm_pct"":0.15,""min_otm_pct"":0.05,""option_dte_max"":56,""option_dte_min"":25,""option_monthly_only"":true,""option_target_dte"":35,""preferred_otm_pct"":0.08}",2026-04-17,,FAIL,dividend_yield_missing;annualized_call_yield_missing;selected_call_spread_pct_missing;realized_vol_1y<0.08;option_liquidity_missing,0.152583,0.0,0.0,0.0,0.50364,0.770367,
BNDX,ETF,totalAssets,116905074688.0,48.065,,,0.059123153457775184,0.03903032561098676,-0.014145141451414434,0.06273352999016724,2026-05-15,,,,,,,,,,,,,"{""benchmark"":""SPY"",""history_period"":""4y"",""market_data_source"":""ibkr"",""max_otm_pct"":0.15,""min_otm_pct"":0.05,""option_dte_max"":56,""option_dte_min"":25,""option_monthly_only"":true,""option_target_dte"":35,""preferred_otm_pct"":0.08}",2026-04-17,,FAIL,dividend_yield_missing;annualized_call_yield_missing;selected_call_spread_pct_missing;realized_vol_1y<0.08;option_liquidity_missing,0.152393,0.0,0.0,0.0,0.485855,0.795152,
SIVR,ETF,totalAssets,4970486784.0,75.09,,,0.8065692114087836,0.566423441027595,2.0596648957907644,0.4241904933706142,2026-05-15,,,,,,,,,,,,,"{""benchmark"":""SPY"",""history_period"":""4y"",""market_data_source"":""ibkr"",""max_otm_pct"":0.15,""min_otm_pct"":0.05,""option_dte_max"":56,""option_dte_min"":25,""option_monthly_only"":true,""option_target_dte"":35,""preferred_otm_pct"":0.08}",2026-04-17,,FAIL,dividend_yield_missing;annualized_call_yield_missing;selected_call_spread_pct_missing;realized_vol_1y>0.45;option_liquidity_missing,0.147743,0.0,0.0,0.0,0.651619,0.5,
SLV,ETF,marketCap,24324896768.0,71.6,,,0.7932345688817509,0.5669039623736363,2.0405463081519417,0.42452651515151507,2026-05-15,,,,,,,,,,,,,"{""benchmark"":""SPY"",""history_period"":""4y"",""market_data_source"":""ibkr"",""max_otm_pct"":0.15,""min_otm_pct"":0.05,""option_dte_max"":56,""option_dte_min"":25,""option_monthly_only"":true,""option_target_dte"":35,""preferred_otm_pct"":0.08}",2026-04-17,,FAIL,dividend_yield_missing;annualized_call_yield_missing;selected_call_spread_pct_missing;realized_vol_1y>0.45;option_liquidity_missing,0.147642,0.0,0.0,0.0,0.650947,0.5,
SPLG,,,,,,,,,,,,,,,,,,,,,,,,"{""benchmark"":""SPY"",""history_period"":""4y"",""market_data_source"":""ibkr"",""max_otm_pct"":0.15,""min_otm_pct"":0.05,""option_dte_max"":56,""option_dte_min"":25,""option_monthly_only"":true,""option_target_dte"":35,""preferred_otm_pct"":0.08}",2026-04-17,IBKR could not qualify stock contract for SPLG.,ERROR,data_error;asset_type_missing;size_metric_missing;dividend_yield_missing;annualized_call_yield_missing;selected_call_spread_pct_missing;beta_1y_missing;beta_1y_missing;realized_vol_1y_missing;realized_vol_1y_missing;total_return_3y_missing;max_drawdown_3y_missing;option_liquidity_missing,0.0,0.0,0.0,0.0,0.0,0.0,
GLDM,,,,,,,,,,,,,,,,,,,,,,,,"{""benchmark"":""SPY"",""history_period"":""4y"",""market_data_source"":""ibkr"",""max_otm_pct"":0.15,""min_otm_pct"":0.05,""option_dte_max"":56,""option_dte_min"":25,""option_monthly_only"":true,""option_target_dte"":35,""preferred_otm_pct"":0.08}",2026-04-17,IBKR returned no option chains for GLDM.,ERROR,data_error;asset_type_missing;size_metric_missing;dividend_yield_missing;annualized_call_yield_missing;selected_call_spread_pct_missing;beta_1y_missing;beta_1y_missing;realized_vol_1y_missing;realized_vol_1y_missing;total_return_3y_missing;max_drawdown_3y_missing;option_liquidity_missing,0.0,0.0,0.0,0.0,0.0,0.0,
VONG,,,,,,,,,,,,,,,,,,,,,,,,"{""benchmark"":""SPY"",""history_period"":""4y"",""market_data_source"":""ibkr"",""max_otm_pct"":0.15,""min_otm_pct"":0.05,""option_dte_max"":56,""option_dte_min"":25,""option_monthly_only"":true,""option_target_dte"":35,""preferred_otm_pct"":0.08}",2026-04-17,IBKR returned no option chains for VONG.,ERROR,data_error;asset_type_missing;size_metric_missing;dividend_yield_missing;annualized_call_yield_missing;selected_call_spread_pct_missing;beta_1y_missing;beta_1y_missing;realized_vol_1y_missing;realized_vol_1y_missing;total_return_3y_missing;max_drawdown_3y_missing;option_liquidity_missing,0.0,0.0,0.0,0.0,0.0,0.0,
